# rooted-staging (cvgqovweybggrqakhdtd) supabase_migrations.schema_migrations, read 2026-09-21 ~22:00 UTC.
# 122 rows. Columns: version, name, number of statements, md5(array_to_string(statements, E'\n')) or '-' when empty.
# Fingerprint md5(string_agg(version||name||md5(statements) or '-', ',' order by version)) = ea16b90f7542304c36d36dc8e9ed2b58
20260412173929	fix_daily_reflections_schema_and_policies	0	-
20260413012040	add_start_date_to_curriculum_goals	0	-
20260415220212	lists_and_list_items	0	-
20260415231258	appointments	0	-
20260416015851	add_archived_at_to_lists	0	-
20260416023706	add_icon_emoji_to_curriculum_goals_v2	0	-
20260416144948	transcript_builder	0	-
20260416212352	add_trial_started_at	0	-
20260418021853	create_reviews_table	0	-
20260420034412	add_lessons_per_day_to_curriculum_goals	0	-
20260420070037	lessons_scheduler_integrity	0	-
20260421003230	user_feature_flags	0	-
20260421045255	appointment_exceptions	0	-
20260421203001	add_show_institution_per_row	0	-
20260423202923	add_payment_method_to_affiliates	0	-
20260423210156	add_commission_note_to_referrals	0	-
20260423214556	bulletproof_referral_attribution	0	-
20260424010424	add_commission_amount_to_referrals	0	-
20260424013357	plan_type_check_constraint	0	-
20260427202932	drop_ai_features	0	-
20260428165206	curriculum_completion	0	-
20260429045528	add_reviewed_at_to_partner_apps	0	-
20260429173950	lessons_updated_at	0	-
20260501064729	queue_based_scheduling	0	-
20260503175319	add_timezone_to_profiles	0	-
20260505041338	children_add_grade_level	0	-
20260507042731	schedule_builder	0	-
20260507054658	add_lessons_goal_lesson_unique_constraint	0	-
20260507080323	curriculum_integrity_constraints	0	-
20260508172100	security_and_performance_hardening_20260508	0	-
20260508172141	revoke_public_execute_security_definer_20260508	0	-
20260508172233	add_auth_uid_guards_security_definer_20260508	0	-
20260518081107	appointment_exception_completed	0	-
20260518082441	fix_family_notifications_insert_policy	0	-
20260519141719	lessons_current_lesson_trigger	0	-
20260519171822	curriculum_goals_orphan_cleanup_trigger	0	-
20260519190341	activities_date_range	0	-
20260520132925	drop_backup_tables	0	-
20260520132933	revoke_anon_execute_on_internal_functions	0	-
20260520132946	fix_move_lesson_to_date_search_path	0	-
20260520140624	fix_tori_ferrebee_math2_queue_and_complete	0	-
20260520202655	fix_completed_lessons_future_scheduled_dates	0	-
20260523054746	curriculum_goals_unique_active_name	0	-
20260524214416	year_archive_foundation	0	-
20260524215245	year_certificates_bucket	0	-
20260527212653	profiles_school_days_canonical_default	0	-
20260531021305	curriculum_goals_unique_active_name_subject	0	-
20260610210706	fix_partner_apps_rls_policy	0	-
20260610210738	fix_rls_auth_uid_select_pattern	0	-
20260610210749	fix_admin_rls_jwt_select_pattern	0	-
20260610210758	fix_duplicate_policies_and_indexes	0	-
20260610211048	fix_security_definer_trigger_functions	0	-
20260610212317	fix_move_lesson_to_date_ownership_check	0	-
20260610212549	add_is_school_activity_to_appointments	0	-
20260610231527	onboarding_v2_data_collection	0	-
20260611155412	harden_security_definer_functions	0	-
20260611155500	revoke_public_execute_scheduler_functions	0	-
20260622232642	email_suppressions	0	-
20260625030202	memories_lesson_id	0	-
20260625054356	memories_photo_dimensions	0	-
20260626231539	memories_focal_point	0	-
20260626235942	memories_featured	0	-
20260627060527	monthly_reflections	0	-
20260707204447	vacation_blocks_shift_applied	0	-
20260708045803	update_memory_reactions_emoji_check	0	-
20260708045948	memory_reactions_family_token_drop_not_null	0	-
20260708050005	memory_comments_family_token_drop_not_null	0	-
20260709033403	announce_monthly_sends	0	-
20260718173413	lock_down_get_user_id_by_email	0	-
20260722005828	recompute_curriculum_current_lesson_lockdown	0	-
20260726165455	deleted_accounts_log	0	-
20260730011748	lessons_queue_pinned	0	-
20260730012129	enforce_lesson_child_matches_goal_message_clarity	0	-
20260730041811	orphan_cleanup_clear_date_caches	0	-
20260730044035	lessons_fill_child_id_from_goal	0	-
20260804045734	resources_add_back_to_school_category	0	-
20260804181418	enable_rls_backup_drift_e_slotless_20260730	0	-
20260804181606	drop_backup_drift_e_slotless_20260730	0	-
20260804181628	pin_search_path_enforce_lesson_child_matches_goal	0	-
20260812164632	vacation_blocks_fk_on_delete_cascade	0	-
20260818194845	children_partial_unique_indexes	0	-
20260818210054	deleted_accounts_user_id_unique	0	-
20260818214327	yearbook_content_nulls_not_distinct	0	-
20260819035020	lesson_continuations	0	-
20260822220158	storage_write_policies_owner_check	0	-
20260823192852	memories_book_structured_fields	0	-
20260823210553	memories_book_status	0	-
20260824203947	orphan_cleanup_preserve_queue_position	0	-
20260903192325	mailbox_adventures	0	-
20260908154611	no_server_side_lesson_completion	0	-
20260908204453	curriculum_goals_catchup_answered_on	0	-
20260909010014	lessons_block_goal_detach	0	-
20260909010030	curriculum_goals_possible_numbers	0	-
20260909021548	block_lesson_goal_detach_not_callable	0	-
20260909023130	perf_advisor_indexes_and_rls_initplan	0	-
20260909040802	mail_adventures_page	0	-
20260910022126	storage_owner_can_delete_own_photos	0	-
20260914155547	add_lessons_skipped	0	-
20260915025934	add_school_years_days_attended	0	-
20260918032926	security_fix_1_profiles_entitlement_guard	0	-
20260918054914	profiles_cancel_at	0	-
20260919012248	curriculum_goals_placement_mode	0	-
20260919013700	schedule_transactions_and_preview	0	-
20260919013822	schedule_state_version_fix_owner_lookup	0	-
20260919015230	schedule_proposals_seal	0	-
20260919015417	schedule_seal_proposal_explicit_missing_lesson_id	0	-
20260919021050	schedule_transactions_actor_ready	0	-
20260919021146	schedule_commit_dry_run	0	-
20260919231657	schedule_commit_atomic	1	cf5f5fb2d587d34fe69482e477ec461c
20260919231716	schedule_state_version_title	1	f9a44440040d0f046f9b06aa0df619c8
20260919231737	delete_lessons_rpcs	1	57d90c303bf578c954d7c3f90c7f32cb
20260919231840	schedule_commit_lesson_updates	1	19c7f913cc6890184d373fcff0f57c0e
20260919231848	schedule_commit_status	1	ad732436d08b02c0db73b713f43bcd6d
20260919232901	harden_scheduler_search_paths	1	c82887d39080140e96a0c77d8f80084b
20260920055712	schedule_commit_db_owned_ids_apply	1	3751e76fae1618fbd244090875707829
20260921150147	report_record_management	1	25ab49dbd11bf5d12579c803e2294477
20260921150413	report_record_management_lockdown	1	a6663615e41032e1e7e3f36034b15db6
20260921172242	lessons_block_stale_resync	1	99e2df297dc6fb0422d4327b6f911367
20260921174221	lessons_resync_parent_intent_window	1	ad6f3785072a5bba44ba31d85d4b0bd9
20260921174245	lesson_date_change_audit	1	7a84e94075618ca19bce1c8ee8fd3031
20260921183953	lessons_resync_intent_session_scope	1	76d747e333e6c5b2e87e2db34b55706f
20260921194104	rooted_private_schema_prerequisite	1	1c32c53f0f2c89eabbca59ee97c5ced6
